{"cameraMode":{"drawMode":0,"name":"Shaded","section":"Shading Mode"},"sceneLighting":false,"audioPlay":false,"sceneViewState":{"showFog":true,"showMaterialUpdate":false,"showSkybox":false,"showFlares":true,"showImageEffects":true,"showParticleSystems":true},"in2DMode":false,"pivot":{"x":24.97946548461914,"y":0.0,"z":24.70874786376953},"rotation":{"x":-0.31630390882492068,"y":-0.0019807275384664537,"z":0.0006743034464307129,"w":-0.9486798048019409},"size":14.53014087677002,"orthographic":false}