{"cameraMode":{"drawMode":0,"name":"Shaded","section":"Shading Mode"},"sceneLighting":true,"audioPlay":false,"sceneViewState":{"showFog":true,"showMaterialUpdate":false,"showSkybox":true,"showFlares":true,"showImageEffects":true,"showParticleSystems":true},"in2DMode":false,"pivot":{"x":3.8801748752593996,"y":-2.2569539546966554,"z":12.751131057739258},"rotation":{"x":0.3831968307495117,"y":-0.12138620018959046,"z":0.050877656787633899,"w":0.91424161195755},"size":18.519447326660158,"orthographic":false}